Date,Precipitation [mm/day],Discharge [m^3/s],Temperature [C],Evapotranspiration [mm/day]
1992.01.01,0.000708593284049,22.7950400258249,-0.806980192,0.125569161469
1992.01.02,0.0028343731362,22.2287036276678,-0.7175742555,0.133912509881
1992.01.03,0.000472395572659,22.1437531679442,-0.1048019805,0.125693132702
1992.01.04,0.0154709545175,22.0588027082207,-0.2124752425,-0.0150906379393
1992.01.05,0.0754651908963,23.8427623624156,-0.3997029715,0.291683650033
1992.01.06,0.0128727792426,24.5506828601121,-0.648514852,0.0389801591005
1992.01.07,1.50375317958,24.1825642013099,-1.5914851525,0.24023932923
1992.01.08,4.33234023376,19.7651402956842,-0.0800495065,0.305198816619
1992.01.09,1.57130572234,21.3225653906164,-3.742673274,0.831275349356
1992.01.10,0.00023619778633,19.6235561961449,-8.3292574295,0.158017921947
1992.01.11,0,20.8694962720907,-2.9053465555,0.409417012293
1992.01.12,0.0364925545782,23.3896932438899,0.462970294,0.0749477472084
1992.01.13,0.0278713332413,21.3508822105242,-3.775544543,0.947441498056
1992.01.14,0.454208344536,17.4148442433321,-11.419901004,0.0300946619625
1992.01.15,0.349336508521,14.8946472715328,-17.499702943,0.797396938879
1992.01.16,0.0338943817013,8.43841233254141,-16.2220792125,0.325692919034
1992.01.17,0.0112193942137,16.5936564660042,-7.4701980445,1.73943910795
1992.01.18,0,22.2287036276678,-18.587574275,0.158108233705
1992.01.19,0,23.4746437036135,-14.224702995,0.12474990001
1992.01.20,0,22.0588027082207,-6.1011881105,0.100323327246
1992.01.21,0.157307715654,20.8411794521828,-4.705346531,-0.0361892356082
1992.01.22,1.56433785605,17.4148442433321,-2.206386128,0.0358089142338
1992.01.23,0.58376284926,16.1689041673864,-3.904752463,2.06444663604
1992.01.24,2.0460632868,18.5475170396464,-13.511534603,0.00315462166389
1992.01.25,1.91875254245,13.280588536785,-12.1160396055,-0.0220543471485
1992.01.26,0.00023619778633,18.23603202066,-10.552722788,0.10798151493
1992.01.27,0,13.0540539775221,-6.548316825,0.367702553206
1992.01.28,0,15.4043500298742,-10.3600495235,0.399690622999
1992.01.29,0,11.8930643613,-4.9747524515,0.382002448873
1992.01.30,0,13.3938558164164,0.836089118,0.310442327844
1992.01.31,0,9.68435240848712,-0.367079202,-0.0177937988344
1992.02.01,0,10.7887083848935,-1.714554466,0.558113580951
1992.02.02,0,10.2790056265521,-0.0152475255,0.244120135307
1992.02.03,0.11538261866,10.4772233659071,1.936831677,0.26243027591
1992.02.04,0,11.6665298020371,-1.222029718,0.757324187362
1992.02.05,0,12.2328662001943,-2.45613861,0.556601791857
1992.02.06,0.00590494473318,13.9035585747578,0.9373267225,1.08759590773
1992.02.07,0.00165338442937,13.9601922145735,-3.658415853,1.42665926433
1992.02.08,0,14.1584099539285,-11.1225247475,0.541082251004
1992.02.09,0,15.0928650108878,-12.763316855,0.156063082457
1992.02.10,0,13.9035585747578,-7.4118812015,0.126606619588
1992.02.11,0,12.1479157404707,-7.5411386095,0.654531123701
1992.02.12,0.126247722676,11.3550447830507,-9.7139603975,0.142744558573
1992.02.13,0.0994392600262,12.28949984001,-4.414999996,0.0546264697476
1992.02.14,0.0930619261652,11.10019340388,-2.201386154,0.125205007961
1992.02.15,0.0683792622524,10.4489065459993,-1.6643069315,0.0672171374561
1992.02.16,0.01062890016,10.9869261242485,-0.631534655,-0.0107503042468
1992.02.17,1.51119344878,9.76930286821069,1.1930198075,0.487941910876
1992.02.18,2.57349285562,12.2045493802864,0.8669801985,0.830942073549
1992.02.19,0.661471901253,14.866330451625,-0.5853465395,0.669438443879
1992.02.20,0,13.87524175485,-1.4222772335,0.525786902017
1992.02.21,0.0340124800324,12.884153058075,-3.9132673235,-0.00223295656965
1992.02.22,0.0894008611141,11.7514802617607,-3.00054456,-0.0200369620895
1992.02.23,1.59610641504,10.7603915649857,-0.8753960355,0.278205624937
1992.02.24,1.79805574589,9.91088696774997,-0.291633666,0.463458148658
1992.02.25,0.186714336792,9.34455056959283,-5.5101485065,0.629932330298
1992.02.26,0.00165338442937,14.8096968118092,-3.434455457,0.593203041888
1992.02.27,0,14.9512809113485,2.7046039635,0.274043111403
1992.02.28,0,21.6906840494185,3.0328217715,0.841005805796
1992.02.29,0,30.2989973014071,-1.2604455325,0.113982887129
1992.03.01,0,66.5445267834641,3.990396031,0.387964156801
1992.03.02,0,102.506888066443,5.662128713,0.255492702195
1992.03.03,0.0375554467524,92.0296647005355,2.530247532,0.299404571535
1992.03.04,0.977504464572,88.0653099134355,3.033217818,0.439080170622
1992.03.05,2.41677587383,88.0653099134355,5.709405936,0.667623345407
1992.03.06,1.80998368933,91.4633283023783,8.061980205,0.843510937898
1992.03.07,0.485504500602,96.277187686714,6.8942574155,0.527916628812
1992.03.08,7.64855744819,95.7108512885569,5.736336632,0.930175770009
1992.03.09,7.72095081629,95.9940194876355,0.267673261,3.08817368477
1992.03.10,0.322646165785,91.7464965014569,-9.49054457,0.836557575212
1992.03.11,0.343549687898,91.7464965014569,-9.1187623985,0.0944255329927
1992.03.12,0.174904455719,91.1801601032998,-10.334554466,0.306458423438
1992.03.13,0.212459912063,86.9326371171212,-9.006188083,0.0137038476566
1992.03.14,0.17466825426,76.4554137512141,-4.1739603915,0.225379049823
1992.03.15,0.0446413801924,69.0930405751712,-6.7704455445,0.032819870821
1992.03.16,0.0214939993803,63.4296765935998,-3.150841578,1.07375747973
1992.03.17,0,61.4474992000498,0.9062376025,0.38962362936
1992.03.18,0,60.5979946028141,-2.3614851525,0.426905819495
1992.03.19,0.102627922161,61.1643310009713,-2.368267314,0.166148541325
1992.03.20,0.66194430417,59.7484900055784,-0.476287123,0.256600002047
1992.03.21,1.23401533472,58.6158172092641,-1.7454455435,0.886345435447
1992.03.22,0.263714822779,58.049480811107,-6.39504951,0.209110290683
1992.03.23,0,55.5009670193999,-0.3258910925,0.229637851135
1992.03.24,0.187541022711,56.6336398157141,5.3550000225,0.624857260334
1992.03.25,0.301742662856,75.3227409548998,7.441485153,0.852484905067
1992.03.26,0,72.2078907650355,0.552871291,0.39984294915
1992.03.27,0.514084455006,63.996012991757,-1.1039109055,0.29760075364
1992.03.28,3.3783368167,59.1821536074213,2.4549999965,1.12748793981
1992.03.29,1.77915993618,54.085126024007,1.712376235,0.557160525716
1992.03.30,0,59.1821536074213,2.339901,0.461137112495
1992.03.31,0,63.4296765935998,4.232029709,0.566479087638
1992.04.01,0,62.5801719963641,-0.6613861415,0.178262806116
1992.04.02,0.0136994711575,59.1821536074213,-1.8245544565,0.238978897471
1992.04.03,0,54.085126024007,4.0729207865,0.6206678691
1992.04.04,0,50.120771236907,4.9928218125,0.821249832939
1992.04.05,0,46.7227528479642,6.494802007,0.779304735943
1992.04.06,0.0727489076979,45.0237436534927,10.9275247525,1.15467934734
1992.04.07,0.116209294987,42.7583980608642,9.808415813,1.16864938207
1992.04.08,0.750400292304,40.209884269157,5.797772274,0.920171279972
1992.04.09,0.611634160919,36.5286976811356,4.82341585,0.798416334646
1992.04.10,0.803308728337,37.3782022783713,7.272920797,1.22540226926
1992.04.11,0.16250403263,34.5465202875856,3.3247524725,0.458131376035
1992.04.12,0.00129908778734,29.1663245050928,-1.845396055,0.306151296314
1992.04.13,0.0107469996902,28.3168199078571,-0.8606930725,0.138392615767
1992.04.14,2.63608532123,29.1663245050928,3.2635148505,0.863400666162
1992.04.15,5.85439818224,32.2811746949571,6.376287098,1.35178723895
1992.04.16,2.63608532123,36.245529482057,4.7608415955,0.978132339924
1992.04.17,0.0516092129033,41.3425570654713,4.3600495145,0.614958669587
1992.04.18,4.55637340337,50.6871076350642,7.00202972,1.12923497113
1992.04.19,6.35336616597,49.5544348387499,12.2106930915,1.69171720472
1992.04.20,6.39989739284,60.3148264037356,10.9270792175,1.72365290041
1992.04.21,3.83809597224,73.3405635613498,6.037425737,1.30366675535
1992.04.22,0.463301985576,84.9504597235712,3.1576732735,0.613828616736
1992.04.23,0.00177148321012,86.6494689180426,2.775891099,0.286928445803
1992.04.24,0.00992030657621,81.8356095337069,3.845643574,0.360513564601
1992.04.25,0.0343667750258,71.0752179687212,4.4090099025,0.498883494515
1992.04.26,0.0193682174299,63.7128447926784,4.3474257345,0.398116829103
1992.04.27,0,57.4831444129499,3.850742555,0.954214985427
1992.04.28,0,55.2177988203213,8.9098514835,1.1861483955
1992.04.29,0,51.5366122322999,14.721287147,1.77964047339
1992.04.30,0,47.5722574451999,17.062524753,1.89337738448
1992.05.01,0,45.3069118525713,22.45797029,2.38834130073
1992.05.02,0,42.7583980608642,21.157425745,2.39919996829
1992.05.03,0,40.209884269157,12.030594074,2.02798198075
1992.05.04,0,37.3782022783713,10.1300495335,1.71535223785
1992.05.05,0,34.5465202875856,7.3436633545,1.51782366515
1992.05.06,0,31.1485018986428,8.8313366055,1.62203900231
1992.05.07,0,30.0158291023285,14.5814356425,2.21860561282
1992.05.08,0,29.1663245050928,17.969801966,2.46714280365
1992.05.09,0,27.9770180689628,19.30717821,2.52949262176
1992.05.10,0.11266634985,27.1841471115428,21.70722772,2.49818664315
1992.05.11,0.601123311128,26.5894938934778,22.467623755,2.52625701478
1992.05.12,0.106052795346,26.1364247749521,19.1829208,2.13944313145
1992.05.13,0.262533834672,25.7116724763342,13.0114851245,1.92600127207
1992.05.14,1.88273251069,24.8621678790985,13.4470297445,2.20042577439
1992.05.15,3.87884018664,19.7934571155921,16.490495015,2.49267404797
1992.05.16,2.6904107358,23.3047427841664,18.06777227,2.72451184173
1992.05.17,0.342486781335,24.8621678790985,18.43267326,2.44708317609
1992.05.18,0,24.7489005994671,14.1913365935,2.1003035215
1992.05.19,0,18.7174179590935,17.38277226,2.27203072996
1992.05.20,0.10310033467,18.4059329401071,21.01673268,2.45704216013
1992.05.21,0.864720109917,20.2465262341178,22.87752476,2.54060882412
1992.05.22,1.00761976682,14.2433604136521,22.24029705,2.49130641237
1992.05.23,0.143962544286,14.9229640914407,16.004950467,2.33617162735
1992.05.24,1.89052700534,14.0451426742971,8.501534656,1.87822074054
1992.05.25,6.66798159727,13.1106876173378,8.1290098895,1.83121511554
1992.05.26,2.611402806,14.8096968118092,5.718712882,1.33522888746
1992.05.27,0.000118098893165,16.2255378072021,10.103465339,1.72428062228
1992.05.28,0.0216120977115,19.9633580350392,12.243069345,1.81943067332
1992.05.29,0,21.5774167697871,13.7117326515,2.10811735428
1992.05.30,0,19.8784075753157,15.323168344,2.21335730544
1992.05.31,0,18.0378142813049,17.958415835,2.31663689192
1992.06.01,0.00543254901064,15.4893004895978,18.8768812,2.34540205497
1992.06.02,0.0206673062664,13.9885090344814,19.515445555,2.37088986523
1992.06.03,0.00755832916255,14.27167723356,19.90049506,2.54028099675
1992.06.04,0.0204311072061,13.9035585747578,21.43861386,2.3439802419
1992.06.05,0.242693219121,11.8647475413921,16.912871302,2.14177736666
1992.06.06,0.311899191274,11.1568270436957,19.070742545,2.21764331059
1992.06.07,1.20626212379,10.3922729061835,14.3061385995,2.16622536868
1992.06.08,1.42604412758,10.30732244646,16.053514865,2.23684837692
1992.06.09,0.1325069654,10.3922729061835,17.43019798,1.8887201179
1992.06.10,0,10.2790056265521,19.64782178,2.44975045689
1992.06.11,0,10.109104707105,21.41183172,2.37372535707
1992.06.12,0,9.79761968811854,22.740792085,2.34475606931
1992.06.13,0.266194880538,9.99583742747354,24.43440588,1.87450889371
1992.06.14,1.06619688438,9.91088696774997,23.494504915,2.60890849404
1992.06.15,9.34516535835,9.91088696774997,23.03668312,3.74729546593
1992.06.16,21.2939368794,11.2417775034193,21.124703005,3.66083683048
1992.06.17,10.9087932287,23.6445446230606,20.41262375,3.28656019519
1992.06.18,0.792089235802,50.4039394359856,19.450049515,2.28747974802
1992.06.19,0.136640423776,48.9880984405927,19.092722735,2.05884625188
1992.06.20,0.0728670132233,34.263352088507,12.3087624315,1.95890648342
1992.06.21,1.42946912547,31.1485018986428,10.224455462,1.80011188036
1992.06.22,1.54284398377,28.0053348888706,13.788910865,2.01797020054
1992.06.23,0.409685060276,28.3168199078571,16.00841583,1.57109668635
1992.06.24,0.0471214571363,30.2989973014071,18.323960415,2.13213347138
1992.06.25,0,27.6372162300685,16.786930715,2.25548296839
1992.06.26,0,23.3330596040742,14.6333168475,2.14877147755
1992.06.27,0.0764099775452,22.0304858883128,14.1912376485,1.98949188643
1992.06.28,0.918573198305,21.5774167697871,19.337821765,2.58843954271
1992.06.29,0.983055198844,21.3508822105242,20.748663315,2.69711554211
1992.06.30,0.0692059481722,17.4148442433321,16.504603905,1.72502851683
1992.07.01,13.8326854994,14.7813799919014,21.25460396,3.2085431144
1992.07.02,14.4269603879,23.7294950827842,22.927673225,3.32130498464
1992.07.03,0.0120460873276,32.2811746949571,16.42816832,2.08526689676
1992.07.04,0,39.0772114728427,16.15168314,2.23103036205
1992.07.05,0,38.5108750746856,15.597128738,2.33959555089
1992.07.06,0.00602304366382,35.1128566857428,16.692178236,2.25170190333
1992.07.07,1.03938840255,30.8653336995642,20.638861435,2.02474806201
1992.07.08,1.42214672678,30.5821655004856,22.3683663,2.17605926878
1992.07.09,1.6388582651,27.6372162300685,20.790296975,2.59673744267
1992.07.10,1.71396910105,24.7772174193749,19.8391089,2.43574397132
1992.07.11,2.15435989048,27.0425630120035,18.54742572,2.13171217638
1992.07.12,3.34184422854,29.7326609032499,19.33099011,2.36120207546
1992.07.13,1.99917798795,30.5821655004856,18.404999995,2.27755882634
1992.07.14,0.768351372926,29.1663245050928,16.075346575,1.81124649998
1992.07.15,1.98878543074,26.9009789124642,17.439306915,2.55353176044
1992.07.16,1.09182435892,24.8904846990064,17.95297032,2.29570305805
1992.07.17,0.209625513747,24.4090987605728,19.64999999,2.29621260246
1992.07.18,0.191556409135,23.7294950827842,18.34069306,1.90733951513
1992.07.19,0.0487748433642,23.9560296420471,19.181386175,2.17652645347
1992.07.20,0.0236197789327,23.2481091443506,17.78717828,2.20304992808
1992.07.21,1.77360927864,22.7100895661014,14.6072771695,2.07294589814
1992.07.22,6.0637877823,21.3508822105242,16.176584125,2.8914652944
1992.07.23,1.72093696733,17.3015769637007,13.628663385,1.51950101781
1992.07.24,0.138293786023,17.44316106324,14.1927227645,1.41543808354
1992.07.25,1.53221507162,18.4342497600149,17.680396085,1.63965174238
1992.07.26,0.731858861514,19.5386057364214,19.07366336,2.18223120214
1992.07.27,0.0252731627626,19.2554375373428,18.66648513,2.03722054266
1992.07.28,0.01240038352,18.7174179590935,21.038316865,2.17283087522
1992.07.29,0.0925895232484,16.1122705275707,17.844604005,1.76566560413
1992.07.30,0.108178589286,14.5831622525464,16.9483168,1.50905965484
1992.07.31,0.0380278448731,14.3566276932835,16.2604950285,1.7366030022
1992.08.01,6.1325216393,12.6009848589964,19.45014862,3.22932669405
1992.08.02,5.43479266071,14.469894972915,20.20831688,3.23216019069
1992.08.03,0.555301033955,12.7708857784435,18.25094059,2.15752351664
1992.08.04,0.150576089197,12.6293016789043,15.881089156,1.66047937
1992.08.05,0.193209780974,12.3744502997335,17.3858911,1.51527916614
1992.08.06,6.25558029697,11.8081139015764,18.689306935,2.61180675807
1992.08.07,10.9393830826,13.9601922145735,19.969603995,2.75711623772
1992.08.08,1.94686020905,17.1033592243457,21.465544615,2.22051057222
1992.08.09,0.000590494390884,19.0289029780799,26.17792083,2.20240240765
1992.08.10,0.00153528564861,20.0483084947628,25.81163361,2.1045810854
1992.08.11,0.22899376475,19.4536552766978,18.614356475,1.75948875949
1992.08.12,0.434013426798,18.2643488405678,18.08836631,1.71960018065
1992.08.13,0.131916461754,15.3760332099664,15.195742617,1.33949893097
1992.08.14,0.0031886699281,15.1778154706114,13.210099074,1.4938928814
1992.08.15,0,15.9990032479392,14.256089156,1.49682460346
1992.08.16,0.10581660348,16.0273200678471,15.2200000095,1.3889161437
1992.08.17,4.04701286243,11.8647475413921,17.284950465,2.44628985229
1992.08.18,3.44081156527,12.5160343992728,18.35153464,2.35704468423
1992.08.19,0,13.7619744752185,16.5768316785,1.68472324731
1992.08.20,0,13.7619744752185,18.054752435,1.48218103391
1992.08.21,0,14.8380136317171,20.47727722,1.42514045365
1992.08.22,0,12.9407866978907,20.50564356,1.40334914249
1992.08.23,0.0709774351293,10.8736588446171,22.264257395,1.31525536062
1992.08.24,5.67217221032,10.6471242853543,23.37118802,2.49287326142
1992.08.25,7.90636665897,13.1106876173378,19.08198021,2.67704256203
1992.08.26,1.59480738375,13.9885090344814,13.57866332,1.53000714818
1992.08.27,0.0348391731464,14.27167723356,15.02524751,1.11402108018
1992.08.28,0,11.3833616029585,14.927821698,1.2992229756
1992.08.29,0.062710513582,11.5532625224057,17.14158417,1.34793296525
1992.08.30,0.0323590962026,11.1568270436957,17.0033168,1.37406507292
1992.08.31,0.00968410871494,9.8259365080264,13.4566831435,1.07728101
1992.09.01,0.374609680875,8.32514505290998,14.714108928,0.961767983654
1992.09.02,0.439209743774,8.63663007189641,17.527425745,0.940501411151
1992.09.03,1.30121357529,7.81544229456855,15.797673262,1.37606595558
1992.09.04,6.87028484663,8.21187777327855,16.694257445,2.17255829966
1992.09.05,12.1660762488,9.40118420940855,19.65698018,2.41782796024
1992.09.06,5.90045669924,20.2748430540257,16.90178218,2.14015142888
1992.09.07,0.276233289043,27.8071171495156,17.21400994,1.29113441858
1992.09.08,0.199587143612,28.2318694481335,13.480544551,1.18949182024
1992.09.09,0.250251569867,25.0887024383614,13.9045544545,1.02160975359
1992.09.10,0.0305876140416,22.2287036276678,13.3041584525,1.08371109206
1992.09.11,0.00129908778734,21.2376149308928,11.8335643525,0.977453126438
1992.09.12,0.0695602503598,18.4625665799228,15.465841584,0.933621640797
1992.09.13,2.35737205116,14.6964295321778,19.184554435,1.85332934279
1992.09.14,2.39835231355,14.66811271227,19.071435595,1.47414005482
1992.09.15,13.1557453187,16.6219732859121,18.54099011,1.90034724596
1992.09.16,12.10183068,83.8177869272569,22.326138585,2.26028527095
1992.09.17,1.20118386917,87.7821417143569,20.4079703,1.37855811886
1992.09.18,0.954357105343,66.5445267834641,14.506930663,1.57420475375
1992.09.19,0,49.2712666396713,9.783316825,0.964259149328
1992.09.20,0,41.3425570654713,12.5245544265,0.87802980886
1992.09.21,0.00507825221874,35.6791930838999,16.71499996,1.09393919843
1992.09.22,0,32.8475110931142,12.996534644,1.28820837517
1992.09.23,0,29.1663245050928,9.6588118945,0.796440622253
1992.09.24,0,26.9292957323721,14.1567327045,1.02068160004
1992.09.25,0.0702688403464,25.2586033578085,14.823663331,1.02747542314
1992.09.26,0.132388864671,23.8993960022314,16.44643568,1.10860786151
1992.09.27,0.00968410871494,23.3047427841664,11.1132178395,0.985837127132
1992.09.28,0,22.9649409452721,11.9150989825,1.14806417173
1992.09.29,0,19.6235561961449,6.4088613865,0.659045119278
1992.09.30,0,20.3314766938414,11.77940593,0.970704579117
1992.10.01,0,22.4835550068385,17.602326703,0.791623432406
1992.10.02,0,21.7190008693264,18.886584133,0.792288449247
1992.10.03,0,17.9528638215814,18.389603934,0.758339285767
1992.10.04,0,19.0855366178957,14.764653467,0.682223711124
1992.10.05,0.531326969622,18.23603202066,15.057871303,0.860595025642
1992.10.06,14.351141408,18.4342497600149,15.2202475105,1.12036452435
1992.10.07,19.5314301436,25.2586033578085,9.691831683,0.820630398835
1992.10.08,8.73376670825,28.5999881069356,8.308564361,0.821826984065
1992.10.09,2.50535019291,50.6871076350642,6.0953960275,0.84723928353
1992.10.10,0.0295247218673,85.2336279226498,8.5559406065,0.499789624087
1992.10.11,0,82.4019459318641,7.9463366405,0.603106543906
1992.10.12,0,70.2257133714855,9.771732705,0.674215038998
1992.10.13,0,55.2177988203213,6.4000989855,0.3967768194
1992.10.14,0.0102746039676,48.9880984405927,6.5678217745,0.342889582328
1992.10.15,0.53014592396,42.192061662707,3.404950502,0.36903584828
1992.10.16,0.588723003148,40.7762206673142,2.623217834,0.38163126419
1992.10.17,0.0362563579159,34.5465202875856,0.204356441,0.163537049502
1992.10.18,0,35.1128566857428,-0.8161881135,0.140812404936
1992.10.19,0.817362484895,32.2811746949571,-1.417475247,0.426194644376
1992.10.20,0.510777672957,35.1128566857428,1.907376244,0.173253539515
1992.10.21,0.0457042723667,30.8653336995642,4.438019828,0.296871372285
1992.10.22,0.128963991486,31.9980064958785,12.4547524585,0.676412295775
1992.10.23,0,29.4494927041713,18.7674752,0.893624630294
1992.10.24,0,27.8354339694235,11.0557920845,0.654892485841
1992.10.25,0,27.4956321305292,12.9391584225,0.744727083202
1992.10.26,0,27.4106816708056,12.8617327305,0.814496297608
1992.10.27,0,28.8831563060142,5.5182178295,0.43561231422
1992.10.28,0,33.1306792921928,7.1670296965,0.52272671951
1992.10.29,0,30.5821655004856,0.862722779,0.17972141535
1992.10.30,0.156362938597,29.4494927041713,-0.2208910765,0.132264433006
1992.10.31,3.83372647548,28.5999881069356,2.4095544525,0.366183051881
1992.11.01,11.6623823942,28.5999881069356,3.503217819,0.626815437954
1992.11.02,10.7883344754,35.1128566857428,1.2623267275,0.374590266006
1992.11.03,3.12702245537,37.0950340792928,-0.1063366335,0.571208143185
1992.11.04,0.138766179347,42.4752298617856,-1.05440594,0.419159017895
1992.11.05,0.0297609233257,47.5722574451999,-2.1261386135,0.330757859501
1992.11.06,0.0533806950642,49.2712666396713,-3.712376241,0.0288597362008
1992.11.07,0.0122822839899,48.138593843357,-4.8470792085,0.00584066475184
1992.11.08,0.0191320195686,45.3069118525713,-2.888118808,0.189276101992
1992.11.09,0.40437064257,43.0415662599427,3.586287113,0.0231967741016
1992.11.10,0.233835798724,43.0415662599427,6.725198007,0.39252292936
1992.11.11,0.092943825436,45.5900800516499,0.710940597,0.150288424905
1992.11.12,0.103572708809,47.2890892461213,1.8212376265,0.1455423142
1992.11.13,0.0144080635422,43.6079026580999,-0.7997029755,0.0611641969073
1992.11.14,0.00271627450532,39.3603796719213,-4.3994554385,0.0112664589658
1992.11.15,0,35.9623612829785,-5.50668316,0.0129290442352
1992.11.16,0,35.1128566857428,-2.0471287175,0.0426512936968
1992.11.17,0,35.9623612829785,1.439504961,0.0771379536246
1992.11.18,0.0914085063641,37.0950340792928,0.5046534685,0.0246674217053
1992.11.19,4.35903023117,35.3960248848213,1.782029701,0.245855905234
1992.11.20,4.75773184689,35.1128566857428,1.905792089,0.10881607615
1992.11.21,0.368586658794,40.4930524682356,1.3696039585,0.181935708099
1992.11.22,0,45.5900800516499,-0.482326732,0.0482018313264
1992.11.23,0.0314143071556,47.0059210470427,-1.05663366,0.029789069611
1992.11.24,0.0448775768547,43.3247344590213,-0.824653464,0.033865940452
1992.11.25,0.0689697515099,38.7940432737642,-0.5203465365,0.0686138138306
1992.11.26,0,36.8118658802142,-2.23856437,0.0213857955345
1992.11.27,0,34.5465202875856,-4.3653960245,0.0121717695922
1992.11.28,0,34.263352088507,-3.4454455305,0.0328951178297
1992.11.29,0.0199587126826,33.4138474912713,-2.712128727,0.0351194825221
1992.11.30,0.0184234247858,32.2811746949571,-3.2548514885,0.0201538074229
1992.12.01,0.0658991853086,32.2811746949571,-3.305594051,0.0444149149459
1992.12.02,0.121287559196,32.5643428940356,-0.1938118805,0.0955096002286
1992.12.03,1.42769753779,31.7148382967999,-3.9498019675,0.134509872041
1992.12.04,0.870743093628,30.0158291023285,-8.550841578,0.664060218014
1992.12.05,0.0323590938045,26.1930584147678,-13.4648514775,0.179914854215
1992.12.06,0.352997554387,27.4673153106214,-9.919059408,0.220514186111
1992.12.07,0.126483914542,25.5700883767949,-5.2687128875,-0.0137512373488
1992.12.08,1.34337484496,25.5417715568871,-6.4178217795,0.13632356044
1992.12.09,1.98925768018,26.6178107133856,-2.977475256,0.765923593349
1992.12.10,0.305167526449,28.3168199078571,-0.2439603935,0.324439700705
1992.12.11,0,28.5999881069356,-3.076633672,-0.0695256412442
1992.12.12,0.0869207841703,28.2885030879492,-3.2788118765,0.407613347875
1992.12.13,1.84907434004,27.1275134717271,-0.652920789,0.458086023514
1992.12.14,2.82244535583,27.0425630120035,0.146485148,0.138794294458
1992.12.15,1.19693231966,27.1558302916349,0.689405941,0.154809681874
1992.12.16,0.395749366078,28.5999881069356,-2.249455448,0.528447046122
1992.12.17,0.0360201588556,29.7326609032499,-6.8051980095,-0.0504303590887
1992.12.18,0.814646168124,28.8831563060142,-7.1707920525,0.297041789565
1992.12.19,0.462357141373,28.1752358083178,-6.9712376375,0.494689997765
1992.12.20,0,26.7877116328328,-13.3455940575,0.0289298968781
1992.12.21,0,23.7578119026921,-7.1317326845,0.747205203311
1992.12.22,0.144671139068,25.1170192582692,-5.346237621,0.104921716115
1992.12.23,0.239976959904,25.5700883767949,-6.9784158505,1.13328937914
1992.12.24,0.101328842916,18.0094974613971,-16.37509896,0.618100079919
1992.12.25,0.0445232842594,17.83959654195,-10.4203465325,1.61368861313
1992.12.26,0,17.4148442433321,-15.02242578,0.0612223599816
1992.12.27,0.0193682174299,16.9900919447142,-7.057821764,0.295503564018
1992.12.28,1.31644833914,16.7069237456357,-5.5060396235,-0.0152130767983
1992.12.29,1.18216988199,16.1405873474785,-6.333811884,0.0909115854597
1992.12.30,0.319339422106,15.9990032479392,-9.45108912,0.238664633656
1992.12.31,0.122232355437,15.8574191484,-17.075544595,0.73189178238
1993.01.01,0,15.5742509493214,-21.82683168,-0.0152995384362
1993.01.02,0.099911662943,15.2910827502428,-14.8544554045,0.590376490095
1993.01.03,0.35252518984,15.0079145511642,-4.0274752575,0.0110896819727
1993.01.04,0.239032173255,14.7247463520857,-9.213118846,0.578544354823
1993.01.05,0.00188958229064,14.5831622525464,-15.78138622,-0.00997605538178
1993.01.06,0.00023619778633,14.4415781530071,-16.74559407,0.0467349966726
1993.01.07,0,14.1584099539285,-18.370049515,-0.00881664941055
1993.01.08,0,13.87524175485,-18.68821781,0.005558121563
1993.01.09,0,13.5920735557714,-15.45054458,0.274290209745
1993.01.10,0,13.3089053566928,-12.317970318,0.152395235631
1993.01.11,2.53605576859,13.1673212571535,-11.5348514765,0.182627218948
1993.01.12,7.16234280844,13.0257371576143,-7.107425751,0.253482246393
1993.01.13,3.34656825771,12.884153058075,-5.268663364,0.504200022533
1993.01.14,0.118335088928,12.7425689585357,-8.8353465315,0.163121318053
1993.01.15,0.00543254841112,12.4594007594571,-15.2716336815,-0.0150123561582
1993.01.16,0,12.3178166599178,-11.167623788,0.42708623198
1993.01.17,0,12.1762325603785,-12.696435644,0.8063203353
1993.01.18,0,12.0346484608393,-18.399603965,0.161416665634
1993.01.19,0.154591456436,11.9496980011157,-10.7312871015,0.358772518894
1993.01.20,1.25798947579,11.8930643613,-9.35490099,0.361353622225
1993.01.21,0.814291865936,11.7514802617607,-4.0864356305,-0.025679539295
1993.01.22,0.17313298315,11.694846621945,-3.664356436,0.493034553983
1993.01.23,0.079480558135,11.6382129821293,-2.067574269,0.0594454053982
1993.01.24,0.00744022963239,11.6098961622214,-8.479603981,1.25936363418
1993.01.25,0.0101565044375,11.5532625224057,-16.5205940685,-0.000193050150865
1993.01.26,0.0144080635422,11.4683120626821,-8.61435645,1.25701266995
1993.01.27,0.129082101807,11.3833616029585,-6.23514851,0.000425604539112
1993.01.28,0.04499568238,11.3267279631428,-8.3699504775,0.9734646369
1993.01.29,0,11.2134606835114,-15.1764356415,0.534321348766
1993.01.30,0,11.1851438636035,-12.107970296,0.902605734154
1993.01.31,0,11.10019340388,-1.354653462,1.44240372606
1993.02.01,0,11.0435597640643,-1.3798514865,-0.0100640499934
1993.02.02,0,10.9869261242485,-1.7041584165,0.67527855947
1993.02.03,0,10.901975664525,-4.190297026,0.0091775169464
1993.02.04,0,10.8170252048014,-4.7319306865,0.0182582497121
1993.02.05,0.0173605362086,10.7603915649857,-4.3758910925,0.129689555095
1993.02.06,0.0286980287534,10.7603915649857,-2.6408415785,0.0906867317241
1993.02.07,0.00590494473318,10.7603915649857,-1.87326733,0.0897021273261
1993.02.08,0.642339928447,10.7603915649857,-3.287722766,0.192484178996
1993.02.09,0.873105108212,10.7603915649857,-2.837920794,0.149931129911
1993.02.10,1.60602672281,10.6188074654464,-1.984603961,0.565310934064
1993.02.11,0.715324989642,10.5338570057228,-5.3320791915,0.898935556393
1993.02.12,0.319221283007,10.4772233659071,-7.1121287295,0.224329725995
1993.02.13,0.287807007027,10.3356392663678,-7.630247538,0.319620860978
1993.02.14,0.0014171865681,10.2506888066443,-12.903366319,0.277161500151
1993.02.15,0,10.3356392663678,-15.484801945,0.0572104891461
1993.02.16,0,10.4772233659071,-16.26034661,0.282774987426
1993.02.17,0,10.4772233659071,-20.78851484,0.352024738959
1993.02.18,0,10.5338570057228,-20.128564375,0.285278642309
1993.02.19,0,10.5338570057228,-15.8514851265,0.156245164007
1993.02.20,1.03336526536,10.5338570057228,-11.7208415785,-0.00858631186151
1993.02.21,2.49661043199,10.5338570057228,-7.3419801975,0.499491494566
1993.02.22,1.6220882685,10.5338570057228,-8.3128712815,1.01822235763
1993.02.23,0.17856552077,10.5338570057228,-17.58311884,0.663819872671
1993.02.24,0,10.5338570057228,-20.89504949,0.120339309717
1993.02.25,0,10.5338570057228,-17.719554455,0.0935658686529
1993.02.26,0,10.6188074654464,-14.918366289,0.0775404092934
1993.02.27,0,10.6188074654464,-12.8734158285,0.296207544892
1993.02.28,0,10.6188074654464,-9.6146039795,0.699820719774
1993.03.01,0,10.6471242853543,-4.833415838,0.610562007353
1993.03.02,0,10.6471242853543,-2.942574256,0.0856890622458
1993.03.03,0,10.7603915649857,-1.68579208,0.535340552688
1993.03.04,0,10.7603915649857,-0.852970297,0.396077116704
1993.03.05,0,10.7603915649857,-1.867178197,0.176212599712
1993.03.06,0,10.7603915649857,-4.110049498,0.189943190776
1993.03.07,0.000354296642024,10.7603915649857,-1.4885643575,0.323459326523
1993.03.08,0.0611752280832,10.901975664525,1.465495051,0.238749947812
1993.03.09,2.01937298243,10.901975664525,-0.5163366325,0.495563398317
1993.03.10,1.52052317617,10.901975664525,-1.9827722885,1.03946268553
1993.03.11,0.0552702779544,10.901975664525,-9.646980146,0.628553490856
1993.03.12,0.120106571089,10.901975664525,-13.207128686,0.316013666435
1993.03.13,0.069914542955,10.901975664525,-14.9424752905,0.340023893841
1993.03.14,0.0028343731362,10.901975664525,-17.21693071,0.0943606696779
1993.03.15,0.017714832401,10.901975664525,-10.8650990345,0.152066266779
1993.03.16,0.0412165118036,10.7603915649857,-3.150891058,0.248294428218
1993.03.17,0.00791262595445,10.7603915649857,-12.3606435975,0.086884774575
1993.03.18,0.051254920308,11.0435597640643,-13.9125742705,0.10458337556
1993.03.19,0.0385002405956,11.3267279631428,-5.3090594185,0.0836394217885
1993.03.20,0.13333365132,11.4683120626821,-0.9240594035,0.14614342696
1993.03.21,1.28090048008,11.8364307214843,-2.469504954,0.216120900376
1993.03.22,0.767524667822,12.0346484608393,-2.025841586,0.658075987303
1993.03.23,0.0686154589147,12.2611830201021,-0.298960411,0.336256526623
1993.03.24,0,13.5920735557714,1.847425736,0.181576648117
1993.03.25,0,16.9051414849907,2.3030693095,0.220986377997
1993.03.26,0,33.1306792921928,2.819900984,0.262428683584
1993.03.27,0,79.0039275429212,2.448316829,0.346904968751
1993.03.28,0,101.657383469207,3.539851502,0.553429417494
1993.03.29,0.638206402925,133.089053566928,5.053118803,0.853467159345
1993.03.30,7.12679564003,155.459341294135,7.7531188245,1.50989948224
1993.03.31,10.7858530555,182.077152007521,3.679257429,1.59974275107
1993.04.01,2.58506672708,263.346425143071,-1.7255445615,2.08463671925
1993.04.02,0,297.326609032499,-3.264257416,0.496024865981
1993.04.03,0,271.841471115428,-0.303168318,0.252375541265
1993.04.04,0,218.322681489578,2.308267326,0.620559974607
1993.04.05,0.0199587114835,192.554375373428,3.0620296745,0.713949296482
1993.04.06,1.26483908787,158.007855085842,3.1671782035,0.832438860243
1993.04.07,3.33865558559,135.920735557714,4.091831693,1.03472729904
1993.04.08,3.18890600965,130.257371576143,5.066633639,0.779831316322
1993.04.09,0.672573139582,137.336576553107,4.3265346605,0.852120012951
1993.04.10,3.69909317897,134.7880627614,4.474802008,1.0353285461
1993.04.11,3.75648936597,133.655389965085,5.413366376,1.38423324643
1993.04.12,0.129554495132,142.7167723356,2.871782183,0.447785859592
1993.04.13,2.05716460187,146.964295321778,3.0263861345,1.03525549093
1993.04.14,3.92418994579,137.902912951264,4.0260890855,1.28768747345
1993.04.15,2.35028600741,122.045493802864,1.950742574,0.748476071522
1993.04.16,0.347328872863,125.160343992728,4.5614851475,0.736303869076
1993.04.17,0.00590494473318,121.479157404707,7.258168297,1.17142156455
1993.04.18,1.06348064435,105.621738256307,11.0290594095,1.56494363068
1993.04.19,9.9200708064,95.7108512885569,11.032970309,2.19421071392
1993.04.20,6.19995523721,108.453420247093,4.294257421,1.41570482697
1993.04.21,0,164.52072366465,4.817376262,1.11696431304
1993.04.22,0,186.607843192778,7.825396089,1.11763017401
1993.04.23,0.00578684520303,165.087060062807,11.5542573795,1.23225410675
1993.04.24,0.0712136317915,127.142521386278,13.180396046,1.33009046976
1993.04.25,0.142781565771,101.657383469207,7.161039612,0.99151501729
1993.04.26,4.63620857545,87.7821417143569,7.3082672975,1.5064290551
1993.04.27,5.28220928118,77.5880865475284,10.6104950455,1.93148301832
1993.04.28,0.923297150734,84.9504597235712,12.5522276795,1.74149892587
1993.04.29,0.21529427201,83.2514505290998,14.138762407,1.6014560174
1993.04.30,1.72601537543,77.3049183484498,8.846534668,1.6078798069
1993.05.01,7.11144361958,71.0752179687212,9.5597524755,1.78516596065
1993.05.02,2.34449914842,79.0039275429212,9.374801955,1.1779855555
1993.05.03,0.174077750614,85.5167961217284,9.444405941,0.908368727437
1993.05.04,0.125066724976,83.8177869272569,12.1591584055,1.19687353788
1993.05.05,1.54166297648,82.4019459318641,14.6230693425,1.95927099185
1993.05.06,6.69998651119,76.4554137512141,16.504009893,2.58627489984
1993.05.07,2.70092177743,80.1366003392355,17.899801975,2.00139772915
1993.05.08,5.18513186307,85.5167961217284,19.98925742,2.72732784197
1993.05.09,7.47731369302,94.295010293164,19.30613857,2.77201519339
1993.05.10,6.52779795018,112.700943233271,17.06732677,2.39880399704
1993.05.11,1.22940940628,137.619744752185,16.03698021,1.95681351443
1993.05.12,0.0028343731362,144.69894972915,17.314306925,2.45752024171
1993.05.13,0.0255093594248,129.407866978907,13.566386106,1.97987009187
1993.05.14,0.330204497345,110.152429441564,16.147871315,2.07483704457
1993.05.15,0.169117615911,89.4811509088283,14.2859900715,2.15818362221
1993.05.16,0.159079207407,78.4375911447641,9.444554446,1.55781829676
1993.05.17,1.40384165093,69.6593769733284,10.816188129,1.74234872929
1993.05.18,0.738472348871,65.1286857880713,10.424603962,1.60173150903
1993.05.19,0.273871332013,61.4474992000498,8.683564375,1.34296536771
1993.05.20,0,61.1643310009713,8.49851484,1.45360863826
1993.05.21,0.610453191996,58.3326490101856,10.535891061,1.72983174025
1993.05.22,1.99787895667,54.085126024007,14.0398514925,2.22509355581
1993.05.23,4.51137756272,52.6692850286141,15.829554465,1.66826250734
1993.05.24,3.11285067482,54.085126024007,13.285445583,2.25297806651
1993.05.25,0.532271737086,47.5722574451999,10.815198032,1.44861372178
1993.05.26,2.41464990722,47.8554256442784,14.498613812,1.91118903103
1993.05.27,2.20856743454,48.7049302415142,17.667574245,2.72890773658
1993.05.28,0.109831970718,47.2890892461213,17.455891079,2.518449935
1993.05.29,6.83072209995,44.174239056257,11.6390594255,1.98884544034
1993.05.30,9.9958897863,44.7405754544142,12.550396001,1.63457609688
1993.05.31,1.07186564264,60.5979946028141,9.540891115,1.73169848381
1993.06.01,1.53315987745,77.8712547466069,9.1116831535,1.76977065962
1993.06.02,1.42769753779,81.5524413346284,11.5237623845,1.75792804953
1993.06.03,0.0134632732962,74.7564045567427,11.756930668,2.00886884727
1993.06.04,0,62.2970037972855,14.4005940555,2.16221562255
1993.06.05,0.0116917899362,53.8019578249284,13.284851472,2.17677217051
1993.06.06,1.38813433068,49.5544348387499,17.704158405,2.30986117913
1993.06.07,4.29372137205,47.2890892461213,19.29856441,2.69998280373
1993.06.08,2.42327133719,48.9880984405927,19.581930685,2.6905522418
1993.06.09,0.527547746287,49.2712666396713,19.96405945,2.88804244519
1993.06.10,0.100147864401,48.4217620424356,18.35643566,2.06588609899
1993.06.11,0.0144080647413,45.0237436534927,21.97193073,2.66494855623
1993.06.12,2.22663630893,41.0593888663927,23.39539613,3.09222548367
1993.06.13,6.62333998207,39.3603796719213,22.162722745,3.10150348923
1993.06.14,2.17916058318,39.9267160700785,19.13599014,3.20631493196
1993.06.15,5.72519859361,35.6791930838999,15.797376205,2.15277278244
1993.06.16,24.8533194281,38.227706875607,16.97435649,2.72784966455
1993.06.17,22.8008819249,187.457347790014,18.403019795,2.16241974726
1993.06.18,9.57404042765,331.306792921928,16.871831705,2.10542244758
1993.06.19,6.88740922214,285.999881069356,15.753316795,1.40049078254
1993.06.20,0.994865118287,273.257312110821,15.999405895,1.69418389078
1993.06.21,0.0630648061772,253.435538175321,18.53237625,1.88844554714
1993.06.22,0.204783479774,230.215745850878,21.866188045,2.77014829635
1993.06.23,3.65882198139,210.110803716299,24.223168325,3.3271877669
1993.06.24,4.12236005332,183.492993002914,22.654356405,3.25338731955
1993.06.25,0.184588562036,156.59201409045,18.424603985,2.26962650913
1993.06.26,0.0127546797124,140.73459494205,19.48044557,2.53078198398
1993.06.27,0.312253493462,122.328662001943,18.912920805,2.53062221418
1993.06.28,0.736228435017,110.435597640643,17.395742625,2.37260666154
1993.06.29,4.14361818457,101.374215270128,17.58480189,2.76112414213
1993.06.30,3.51214317789,100.241542473814,18.81183169,2.7347908258
1993.07.01,6.28262482678,97.6930286821069,18.577079215,2.25903443152
1993.07.02,6.07666083852,111.285102237878,20.07069308,2.07942647421
1993.07.03,9.86113861927,125.160343992728,19.713663375,3.00820468055
1993.07.04,3.77762962671,151.778154706114,23.01613865,3.42496012991
1993.07.05,0.472749852065,177.829629021342,23.563960445,2.68688689857
1993.07.06,0.243874226413,168.201910252671,20.598564345,2.14693527596
1993.07.07,2.53841732274,145.831622525464,20.250296965,2.56953375697
1993.07.08,2.28391447195,129.974203377064,20.997673185,2.14064010038
1993.07.09,1.08934416687,117.231634418528,21.9869802,2.29909889526
1993.07.10,7.11616703484,100.524710672893,20.836089185,2.80658440488
1993.07.11,5.8605391132,99.1088696774997,21.453267295,2.92116405944
1993.07.12,0.842045153604,105.621738256307,17.71217821,2.44332835564
1993.07.13,3.65090930927,101.657383469207,18.43960396,2.38097439365
1993.07.14,0.926249592226,94.295010293164,18.44816829,1.86240813491
1993.07.15,0,93.4455056959283,18.848465365,2.61116767888
1993.07.16,1.01919348481,91.7464965014569,21.690099025,2.59214141352
1993.07.17,4.61554102458,86.6494689180426,22.6790099,2.64031638153
1993.07.18,2.48243865144,82.6851141309426,22.7059406,2.45714744551
1993.07.19,1.64771574305,82.1187777327855,22.18000002,3.05372387857
1993.07.20,0.00413346107342,79.0039275429212,18.927178235,2.51981480801
1993.07.21,0.046058564962,74.1900681585855,18.733316855,2.32416142012
1993.07.22,0.620373461402,67.960367778857,19.668712905,2.33197955026
1993.07.23,0.316859325977,61.4474992000498,19.69183168,1.68660042732
1993.07.24,4.05138235919,59.7484900055784,21.792376245,2.30700051702
1993.07.25,4.17054422996,64.2791811908355,22.51787132,2.473641797
1993.07.26,2.20325297846,67.1108631816212,21.820742655,2.83111774024
1993.07.27,2.45315013103,65.978190385307,23.559257525,2.88260106345
1993.07.28,0.140065277776,62.2970037972855,22.44891083,2.94727360597
1993.07.29,0,58.3326490101856,19.962871315,2.6182518809
1993.07.30,3.23579146198,53.2356214267713,20.408069345,2.8104965395
1993.07.31,8.59818921981,57.7663126120284,22.977574235,2.36591566818
1993.08.01,1.98465198196,79.2870957419998,21.016732675,2.96627869147
1993.08.02,0.166755639697,66.8276949825427,19.247970305,2.5008077273
1993.08.03,0.19072970403,64.5623493899141,18.79287134,2.16802519617
1993.08.04,0.122822859083,60.031658204657,15.4253960365,1.82207278385
1993.08.05,0.489165623208,54.6514624221641,16.91801979,2.02733062338
1993.08.06,0.322291901966,51.5366122322999,16.337376195,2.14070563516
1993.08.07,1.52808146936,48.4217620424356,15.434257452,2.10489233723
1993.08.08,3.64736613392,47.2890892461213,19.05500001,2.66548388481
1993.08.09,3.97001241481,48.9880984405927,22.38212874,3.04430283222
1993.08.10,1.11402691232,48.4217620424356,22.75391087,2.28495028978
1993.08.11,0.122586648033,42.192061662707,23.633168345,2.27756419804
1993.08.12,0.49495244383,37.9445386765285,24.14376242,1.81111788606
1993.08.13,1.21606433083,38.7940432737642,23.0542574,2.37760925188
1993.08.14,17.6520056812,33.1306792921928,20.86762376,2.40567870264
1993.08.15,14.671542931,43.0415662599427,22.46410885,1.62254164024
1993.08.16,0.346502129389,74.4732363576641,22.77891092,2.13284867527
1993.08.17,2.65120190761,92.0296647005355,21.564554525,2.6006879466
1993.08.18,14.6631581629,131.956380770614,22.64821779,2.83437790358
1993.08.19,4.53310809689,236.162278031528,21.1980198,2.54503203792
1993.08.20,0,210.393971915378,20.548118775,2.50982390071
1993.08.21,0.0361382595848,171.033592243457,19.25722773,2.02111571639
1993.08.22,0.115500709796,139.601922145735,20.475049505,1.9231983174
1993.08.23,0.265250093889,124.594007594571,22.18688114,1.63844525787
1993.08.24,0.299498787371,103.0732244646,22.977821815,2.21755076382
1993.08.25,0.0170062400162,91.1801601032998,24.88133657,2.54380007618
1993.08.26,2.79634563185,81.5524413346284,25.790544585,2.88298813302
1993.08.27,2.73694196267,75.0395727558212,24.83039599,3.05400075149
1993.08.28,0,69.0930405751712,18.14816836,1.9284317375
1993.08.29,11.096099297,65.1286857880713,18.77584154,2.20939037945
1993.08.30,12.2358727822,68.5267041770141,19.680148555,1.90683227288
1993.08.31,0.0262179518096,91.1801601032998,15.0747029645,1.73525700689
1993.09.01,0.0564512660617,101.09104707105,15.569504954,1.42140758044
1993.09.02,0.242102715475,93.1623374968497,18.276980205,1.55516037808
1993.09.03,0.0558607672119,82.4019459318641,17.185891085,1.66348614243
1993.09.04,0,71.924722565957,15.856930715,1.55786004257
1993.09.05,0.00496015358786,61.4474992000498,13.579900994,1.56647794256
1993.09.06,0.182580868824,54.085126024007,12.6986633765,1.28262594785
1993.09.07,0.141010074017,50.120771236907,14.21985147,1.48022143662
1993.09.08,0.000708593284049,49.5544348387499,14.1147525265,1.68253021116
1993.09.09,0,50.120771236907,15.768069335,1.62181538599
1993.09.10,0.0396812287029,42.4752298617856,13.095495077,1.42503654956
1993.09.11,0.875821348245,40.209884269157,12.794405973,1.56493334771
1993.09.12,6.67990984766,40.4930524682356,18.60465349,2.53157193129
1993.09.13,9.7054844673,43.6079026580999,21.119653455,2.62652215497
1993.09.14,2.13085838254,51.2534440332213,12.6999505215,2.13746327518
1993.09.15,0.046885260474,48.4217620424356,7.561386147,0.639336225561
1993.09.16,0.060112335909,51.8197804313784,9.951831698,0.711493277095
1993.09.17,0.432714318777,50.9702758341427,12.571683207,0.873418201763
1993.09.18,0.861531390228,47.5722574451999,11.718910889,0.936739454005
1993.09.19,4.87488592853,45.3069118525713,11.8530693175,1.92575801066
1993.09.20,3.46502106368,44.7405754544142,11.133415814,0.943725967772
1993.09.21,2.96865175642,46.156416449807,13.179554435,0.892892697379
1993.09.22,2.9681793535,46.7227528479642,14.24603963,1.45624629795
1993.09.23,0.176675947472,47.2890892461213,9.555693064,1.20039860292
1993.09.24,0.0014171865681,47.2890892461213,10.0820792195,1.0990976449
1993.09.25,0.777799354523,45.8732482507284,12.071782131,1.15699577918
1993.09.26,1.50835903128,43.0415662599427,11.5676237635,1.58716360374
1993.09.27,0.494361978554,41.0593888663927,7.0595049365,1.06321712394
1993.09.28,0.300915976936,39.3603796719213,7.2235148495,0.870284273446
1993.09.29,0,37.6613704774499,5.7735148445,0.687783423814
1993.09.30,0,33.6970156903499,8.0537623785,0.893003968372
1993.10.01,0,30.8653336995642,13.101386133,0.893186836493
1993.10.02,0,37.6613704774499,4.299950494,0.472319386802
1993.10.03,0,34.8296884866642,8.9723267335,0.662377416916
1993.10.04,0.00389726351191,32.8475110931142,13.857475318,0.992783967035
1993.10.05,0.335046550504,32.5643428940356,7.538613875,0.64090426406
1993.10.06,0.162976473916,33.9801838894285,14.006683168,0.888632169449
1993.10.07,0.224860296782,31.4316700977213,21.549752465,1.07645553271
1993.10.08,2.18660100586,29.1663245050928,13.801732684,1.61927119393
1993.10.09,1.20012096261,28.8831563060142,1.964900982,0.628130315761
1993.10.10,0,27.4106816708056,2.663069288,0.395206171788
1993.10.11,0,27.3540480309899,6.402277233,0.537053320215
1993.10.12,0,27.2690975712664,7.7112871635,0.689666052267
1993.10.13,0,25.1736528980849,3.2632178295,0.399019121744
1993.10.14,0.128137286382,24.6073164999278,8.0556930735,0.530700168611
1993.10.15,0.970300550307,23.9277128221392,11.102227682,0.986948685977
1993.10.16,0.388899638892,24.0409801017706,10.109851506,0.582277343142
1993.10.17,0.00389726351191,23.4180100637978,8.8104950735,0.423990097431
1993.10.18,0,23.7294950827842,9.6188118495,0.431069311446
1993.10.19,0.206436832428,21.3791990304321,9.8920297015,0.614221748663
1993.10.20,2.69525294243,20.6995953526435,9.54054454,1.22466680637
1993.10.21,1.60177525004,21.6340504096028,5.4728713055,0.90321235291
1993.10.22,0,23.6162278031528,5.3764356145,0.537389013289
1993.10.23,0,24.6073164999278,10.834108928,0.716068433348
1993.10.24,0,23.4463268837057,13.2258415815,0.754016369342
1993.10.25,0,22.5401886466542,13.566435661,0.761977617003
1993.10.26,0,22.8233568457328,10.7153465195,0.54610905238
1993.10.27,0,22.7100895661014,4.7800495005,0.140068846122
1993.10.28,0,22.9366241253642,5.7302475085,0.203521743458
1993.10.29,0,24.4090987605728,1.8680198035,0.176718690881
1993.10.30,0.0185415243159,24.2108810212178,-1.9194554545,0.0243108437381
1993.10.31,0.0101565032384,18.2926656604757,-3.1311881365,0.0172575517876
1993.11.01,0.0684973581855,17.4997947030557,-0.2412376385,0.0870108848972
1993.11.02,0.0863302901166,15.6025677692292,4.4762376005,0.159899408914
1993.11.03,0.175967343097,14.4132613330992,5.750346525,0.333433466437
1993.11.04,1.23507824128,12.2611830201021,7.6487623865,0.670367671773
1993.11.05,0.956482918468,17.4148442433321,2.344059413,0.682698646415
1993.11.06,0.13297933954,16.5370228261885,-5.8818811685,0.126777689147
1993.11.07,0.103808929452,16.1405873474785,-4.7149504835,0.0948062908179
1993.11.08,0.0485386419058,15.262765930335,-0.495792091,0.0352563698236
1993.11.09,0.590612614815,15.7724686886764,-1.6909405825,0.0561639806662
1993.11.10,0.628994661156,16.1405873474785,0.105396035,0.012882327205
1993.11.11,0.161204982163,16.1122705275707,0.9114851535,0.0130589411285
1993.11.12,3.6415794284,15.9990032479392,-1.954455444,0.592183300796
1993.11.13,3.18288325616,16.4803891863728,4.7642574365,0.0149128045912
1993.11.14,1.09914637392,16.7069237456357,2.216237622,0.315716803101
1993.11.15,0.838620232457,17.244943323885,-1.381633656,0.138324491061
1993.11.16,0,22.0304858883128,-0.487623765,0.474471214318
1993.11.17,0,23.4463268837057,0.196138608,0.0147409172868
1993.11.18,0,19.3687048169742,2.0511386285,0.103181332278
1993.11.19,0,19.8784075753157,2.101188122,0.122890705612
1993.11.20,0,18.6891011391857,-0.312376236,0.092373772631
1993.11.21,0,18.9722693382642,4.0929703025,0.216855384849
1993.11.22,0,18.2077152007521,2.7463861775,0.220639557824
1993.11.23,0.0292884820396,17.641378802595,0.364950496,0.0454111644288
1993.11.24,2.57833490878,17.2166265039771,-0.39371287,0.775709685286
1993.11.25,3.10470164777,17.1316760442535,-2.101732669,0.257223196343
1993.11.26,0.317804112626,18.0094974613971,-9.278168332,0.405388158242
1993.11.27,0.109241467072,15.3193995701507,-12.433712865,0.096846828157
1993.11.28,0.00531445008001,14.6964295321778,-9.376633672,-0.0249212106951
1993.11.29,0,15.6875182289528,-9.045198042,0.142385105306
1993.11.30,0,15.4893004895978,-7.832722752,0.549382184545
1993.12.01,0.00602304366382,16.0273200678471,-3.3478712815,0.650005003422
1993.12.02,0.00590494473318,16.65029010582,-0.903366333,0.464244642728
1993.12.03,0.10310033467,16.6786069257278,-2.08336633,-0.0352290149053
1993.12.04,0.0559788727372,16.7352405655435,-1.512128715,-0.0241457525973
1993.12.05,0.510895850425,16.5087060062807,-1.0035643545,0.500440098961
1993.12.06,0.464601055228,16.25385462711,-3.6510396135,0.990608350548
1993.12.07,0.00602304366382,15.5742509493214,-6.863613841,-0.0242986902599
1993.12.08,0.00153528549873,15.4043500298742,-3.326782189,0.154857921686
1993.12.09,0,15.6875182289528,-1.378465348,0.149202746158
1993.12.10,0,15.659201409045,-0.3161881255,0.625588080538
1993.12.11,0,14.9229640914407,-8.332574235,-0.00319089624723
1993.12.12,0.0820787214195,13.3372221766007,-4.475396055,0.351825487144
1993.12.13,3.02049728589,13.677024015495,2.1715346485,0.134554955977
1993.12.14,2.61707133404,15.0362313710721,1.3513366425,0.30955407837
1993.12.15,0.0301152183191,17.6980124424107,2.296435647,0.120118206581
1993.12.16,0.89507146015,19.2554375373428,1.771584161,0.212914281406
1993.12.17,1.09631203316,21.0110803716299,1.6111881245,0.135598390116
1993.12.18,0.0873931774947,22.3702877272071,0.077475249,0.0837801412246
1993.12.19,0.0081488232162,23.0215745850878,-1.1673267345,0.0188752941277
1993.12.20,0.0784176659607,23.3330596040742,-3.8313366315,0.080538395153
1993.12.21,0.638678767473,23.3330596040742,-8.685000025,0.0620298372667
1993.12.22,0.514202594104,23.3330596040742,-8.2927722775,0.568486032648
1993.12.23,0.0244464696486,23.0215745850878,-14.098811885,0.117376345443
1993.12.24,0.01240038352,19.9633580350392,-15.393960495,0.00795116612551
1993.12.25,0.0403898210877,17.6130619826871,-15.658762355,0.155096808996
1993.12.26,0.172306278046,16.5370228261885,-19.222227695,0.106339701844
1993.12.27,0.107351884182,16.4237555465571,-20.28762373,0.036893720079
1993.12.28,0,16.1405873474785,-22.011435665,0.0227212896498
1993.12.29,0.0108650980213,15.8574191484,-14.4995544765,0.219398828705
1993.12.30,0.0996754614846,15.7158350488607,-14.8764851685,0.0856759111656
1993.12.31,0.0473576537985,15.5742509493214,-5.2059901065,0.01303744952
1994.01.01,0.234662503829,15.2910827502428,-2.1834158335,0.183982173496
1994.01.02,1.01990208918,15.2344491104271,-7.7926237445,0.52463501703
1994.01.03,0.423975018293,15.1494986507035,-15.403366281,0.00501275790876
1994.01.04,0.200768112535,15.06454819098,-14.059059391,0.18169872007
1994.01.05,2.37744856122,15.0079145511642,-13.54574257,0.25479597312
1994.01.06,1.60212962896,14.866330451625,-14.124257455,0.0992118451393
1994.01.07,0.00921171239288,14.7247463520857,-19.269900995,0.617714084683
1994.01.08,0,14.66811271227,-22.11673266,0.131459099606
1994.01.09,0.0785357570976,14.6114790724542,-19.853910845,0.0125175010357
1994.01.10,0.051373016241,14.5831622525464,-11.408811902,0.459916891771
1994.01.11,0.00342486778937,14.3849445131914,-11.286683198,0.00371456175818
1994.01.12,0.217183902862,14.1584099539285,-12.6447524945,0.0894108850957
1994.01.13,0.161323082892,14.1584099539285,-13.3406435175,0.413912820818
1994.01.14,0.00188958229064,14.1584099539285,-23.95623762,0.312088850762
1994.01.15,0.927903002435,14.1300931340207,-28.471435735,0.103198416213
1994.01.16,1.51024864294,14.073459494205,-25.524653435,0.0887658107018
1994.01.17,0.263360520592,13.87524175485,-22.876683185,0.482038140603
1994.01.18,0.00767642809318,13.7336576553107,-29.83643559,0.16369014304
1994.01.19,0.0392088329804,13.5354399159557,-27.715693145,0.00312736836428
1994.01.20,0.0164157459626,13.4504894562321,-24.58871283,0.0114046927902
1994.01.21,0,13.4504894562321,-16.5349999635,0.46835656633
1994.01.22,0,13.4504894562321,-9.96866341,0.0181258660081
1994.01.23,0,13.4504894562321,-6.753465371,0.483794994466
1994.01.24,0.107706195962,13.4504894562321,-5.1206930705,0.319567431717
1994.01.25,0.559552545099,13.4504894562321,-7.2808416185,0.775498577354
1994.01.26,2.46188943152,13.4504894562321,-8.9168316885,0.489184807861
1994.01.27,3.45911648765,13.4504894562321,-9.177128707,0.324475269053
1994.01.28,1.84352383599,13.4504894562321,-8.1209406005,0.404826700162
1994.01.29,0.597698505089,13.4504894562321,-8.4802970235,0.239522897516
1994.01.30,0.00307057129723,13.4504894562321,-19.591039544,0.0719641786162
1994.01.31,0,13.4504894562321,-25.696386125,0.113739424279
1994.02.01,0.0258636592143,13.4504894562321,-22.733514865,0.0550114529929
1994.02.02,0.298317799263,13.4504894562321,-17.84222774,0.332229744515
1994.02.03,0.124948624247,13.4504894562321,-18.44920792,0.570557016033
1994.02.04,0,13.4504894562321,-19.2232673,0.40885513215
1994.02.05,0,13.4504894562321,-17.072277305,0.372665584791
1994.02.06,0,13.4504894562321,-15.78460397,0.236501659856
1994.02.07,0.322646165785,13.4504894562321,-20.225742595,0.285178997217
1994.02.08,0.94242916191,13.4504894562321,-22.838267335,0.196765081029
1994.02.09,0.343549649529,13.4504894562321,-23.698168295,0.0685058330063
1994.02.10,0,13.4504894562321,-21.670792085,0.435924026476
1994.02.11,0.261589067208,13.4504894562321,-14.953663353,0.00752885014332
1994.02.12,0.319221302192,13.47880627614,-10.7728713085,0.0110129697362
1994.02.13,0,13.5637567358635,-11.506188138,0.212646041575
1994.02.14,0,13.6487071955871,-8.2756930955,0.593095300871
1994.02.15,0,13.7336576553107,-2.824851489,1.17009843734
1994.02.16,0,13.87524175485,-4.7363366365,1.00843273572
1994.02.17,0,14.0168258543892,-1.901188122,0.0435665024057
1994.02.18,0,21.2376149308928,0.804603966,0.545155766929
1994.02.19,0,31.1485018986428,5.1838614115,0.221857572313
1994.02.20,0,32.5643428940356,-3.523366332,0.143003618547
1994.02.21,0.0146442614035,26.9009789124642,-8.073069294,0.067550677052
1994.02.22,1.28007385172,24.0692969216785,-8.7515841595,0.922827663885
1994.02.23,1.70558433297,20.3881103336571,-8.9594554655,1.02095647776
1994.02.24,1.56410180807,16.9900919447142,-13.539504922,0.0560495298174
1994.02.25,1.53327790144,14.4415781530071,-12.1118811875,0.325733014961
1994.02.26,0.0388545355889,12.7425689585357,-16.386584179,0.0471622868758
1994.02.27,0.221317313276,11.6098961622214,-15.412920839,0.373117306651
1994.02.28,0.263951024237,10.901975664525,-7.6531187965,0.276221356188
1994.03.01,0.023029282481,10.6188074654464,-7.8914851895,0.191005272399
1994.03.02,0,12.0346484608393,-5.104653457,0.278156358746
1994.03.03,0,15.5742509493214,0.1643069475,0.491640443556
1994.03.04,0.0181872281235,21.6623672295107,3.537524733,0.391812444889
1994.03.05,0.39681231101,32.8475110931142,4.2798020025,0.482561613069
1994.03.06,0.266194880538,40.209884269157,3.1230198,0.413350480244
1994.03.07,0,50.4039394359856,0.0926732625,0.15537400806
1994.03.08,0,52.9524532276927,-5.4909901105,0.0463517304539
1994.03.09,0,48.7049302415142,-7.644455446,0.0350786719672
1994.03.10,0,45.8732482507284,-4.7563861535,0.0362173794954
1994.03.11,0,39.3603796719213,-3.820297032,0.0625760531392
1994.03.12,0,35.3960248848213,1.0910891175,0.271890535686
1994.03.13,0,34.8296884866642,2.4266831715,0.315414184371
1994.03.14,0,36.5286976811356,4.4984158465,0.42065745447
1994.03.15,0,39.0772114728427,5.374851472,0.537312351412
1994.03.16,0,38.5108750746856,-1.7135643475,0.241986859351
1994.03.17,0.0113374925448,36.245529482057,0.1667326645,0.177452465522
1994.03.18,0.00460585619644,34.263352088507,2.302128725,0.20806622345
1994.03.19,0.0348391707483,32.2811746949571,2.3010396075,0.316750088558
1994.03.20,0.891292236815,31.1485018986428,5.7593069175,0.847205288323
1994.03.21,0.562977466245,31.4316700977213,5.014504947,0.839734016722
1994.03.22,0.079480558135,32.2811746949571,7.66168314,0.812467558831
1994.03.23,0.241866533202,32.5643428940356,8.8621782325,0.988603247265
1994.03.24,0.154119043927,31.9980064958785,0.981386136,0.382882410577
1994.03.25,0.563095566974,31.1485018986428,-2.1289604085,0.153486995913
1994.03.26,0.543136773956,30.0158291023285,1.3212871125,0.587846149358
1994.03.27,0.282846833954,29.7326609032499,1.0069306925,0.379558285601
1994.03.28,0.152465672087,29.1663245050928,0.7549505045,0.266655561632
1994.03.29,0.0603485325712,28.5999881069356,-1.5704455395,0.135192346917
1994.03.30,0.0288161294826,26.5894938934778,-1.8112376255,0.1837040152
1994.03.31,0,25.0603856184535,3.279752494,0.566734665597
1994.04.01,0,23.8993960022314,6.2558910725,1.06352615035
1994.04.02,0,24.5789996800199,8.3824752355,1.23778235661
1994.04.03,0.0860940886582,24.8055342392828,-0.901237632,0.359934379901
1994.04.04,2.71816402346,24.8055342392828,4.072277247,0.910471442239
1994.04.05,2.34190093238,24.5223660402042,-3.1287624,1.55546932774
1994.04.06,0,22.8516736656407,-4.2144059505,0.166165097681
1994.04.07,0.037319245294,22.3419709072992,0.0297524835,0.517201002026
1994.04.08,0.581282733947,21.1809812910771,5.6197029545,0.916026473874
1994.04.09,0.195099373457,22.8233568457328,8.418366355,1.11014946356
1994.04.10,0.00519635114937,22.4269213670228,4.561138594,0.889514586788
1994.04.11,0.923533352193,20.3597935137492,5.9288118755,1.26924304027
1994.04.12,6.89992805292,22.8516736656407,8.2830197755,1.96784791342
1994.04.13,2.79114919977,24.5789996800199,6.845990101,1.30844941282
1994.04.14,2.0304742975,26.9859293721878,10.7058415765,1.79824882025
1994.04.15,2.75005075991,32.5643428940356,11.205198009,2.22938923002
1994.04.16,0.513139725911,35.9623612829785,8.0833168165,1.30152805013
1994.04.17,0,38.7940432737642,8.953415875,1.37858236826
1994.04.18,0,40.209884269157,15.7981682835,1.73781731405
1994.04.19,0,39.0772114728427,15.696930692,1.63290073942
1994.04.20,0.906172775217,36.5286976811356,6.580297013,1.20295891008
1994.04.21,1.46359954556,35.6791930838999,5.82811879,1.12014904232
1994.04.22,0,35.1128566857428,7.9866336645,1.40847420766
1994.04.23,0.00873931786938,33.9801838894285,13.123019785,1.55057616666
1994.04.24,7.67536562307,33.1306792921928,19.518712875,2.11709070754
1994.04.25,13.2395942273,33.6970156903499,18.56940593,2.58174762848
1994.04.26,5.936358707,43.3247344590213,14.8879703175,2.26695646575
1994.04.27,0.781814625839,64.2791811908355,9.0581188,1.65429914887
1994.04.28,4.78253253959,77.3049183484498,2.1220297225,0.838463839159
1994.04.29,3.55796533995,80.7029367373926,0.613267336,0.685973390091
1994.04.30,0.228875606467,80.9861049364712,2.4174752435,0.339869265531
1994.05.01,0.13876618894,81.2692731355498,4.4200000105,0.839453306867
1994.05.02,0.00118098878177,79.2870957419998,6.988514826,1.32467594653
1994.05.03,0.118335079335,73.3405635613498,9.813811899,1.30116891341
1994.05.04,0.750990872689,67.1108631816212,12.9123267515,1.6650919747
1994.05.05,0.434249628256,62.8633401954427,10.180445551,1.72708541868
1994.05.06,0.274698037117,58.8989854083427,5.6480693275,1.03764574533
1994.05.07,0.447830981898,55.7841352184784,9.349257432,1.30453067868
1994.05.08,0.0028343731362,52.9524532276927,11.8050494995,1.83770014246
1994.05.09,0.00248007679393,50.120771236907,11.830495041,1.98324382836
1994.05.10,1.48084194507,47.2890892461213,12.7346039805,2.16402542605
1994.05.11,1.18512232348,45.3069118525713,18.3180693,2.76333973943
1994.05.12,0,42.7583980608642,13.9484653545,2.20370174588
1994.05.13,0.460113265888,40.4930524682356,16.229009861,2.14217932353
1994.05.14,2.13026780216,38.7940432737642,19.576039605,2.85063574665
1994.05.15,0.551049446074,37.9445386765285,13.966881143,2.04846842848
1994.05.16,0.00330676885874,35.6791930838999,14.295000052,2.12109247286
1994.05.17,0,33.6970156903499,16.891039595,2.26949574653
1994.05.18,0,31.1485018986428,17.91509904,2.47286013746
1994.05.19,0,29.4494927041713,20.061336705,2.57561437138
1994.05.20,0,28.2035526282256,20.65945549,2.60593533312
1994.05.21,1.05521367004,27.1841471115428,21.33123761,2.69897200269
1994.05.22,1.79002489631,26.4479097939385,23.00910891,2.37906160692
1994.05.23,4.55046852039,25.9382070355971,21.351386135,2.99053822346
1994.05.24,4.75643250866,25.6267220166106,19.362673275,2.45216803023
1994.05.25,3.58796246474,25.3435538175321,17.461584125,2.73474416872
1994.05.26,1.00419492242,25.2302865379006,12.966287168,2.28251936392
1994.05.27,0.00413346107342,25.0887024383614,12.162970312,1.9303683132
1994.05.28,0.0599942399759,24.7489005994671,18.06747525,2.27863454825
1994.05.29,0.0915266454626,23.4746437036135,22.23133669,2.25798556812
1994.05.30,0.0466490638118,21.8889017887735,21.944356415,2.55247599057
1994.05.31,0.0125184830502,20.5863280730121,22.087821745,2.2740343752
1994.06.01,0,19.1421702577114,16.4738614045,2.5403959512
1994.06.02,0,17.8679133618578,15.162623681,2.3701155726
1994.06.03,1.01848480369,16.3671219067414,14.9964851595,2.38902289311
1994.06.04,13.8820511438,15.5176173095057,18.955792065,3.36827024512
1994.06.05,14.7235066379,17.1599928641614,21.778366375,3.26037912828
1994.06.06,5.0106997719,24.9471183388221,21.08415843,3.08487085476
1994.06.07,6.32254241282,33.1306792921928,21.82801979,3.58669627758
1994.06.08,1.74928068191,37.6613704774499,13.138316775,2.44199433155
1994.06.09,0.281783965761,41.3425570654713,14.6763366605,2.03318163585
1994.06.10,2.46153505259,43.0415662599427,17.881881195,2.75643449186
1994.06.11,1.06785014111,43.3247344590213,18.842722825,2.79360974673
1994.06.12,2.57573684621,41.0593888663927,18.702524755,2.8764579838
1994.06.13,2.16853167103,39.0772114728427,21.069801985,2.46268674573
1994.06.14,0,37.3782022783713,24.26366334,2.99195942262
1994.06.15,0.000354296642024,35.9623612829785,27.26975252,2.72783155424
1994.06.16,0.376735455632,34.5465202875856,24.6910891,2.36221702039
1994.06.17,3.75471793177,32.5643428940356,26.490544545,2.93098690918
1994.06.18,3.96091858192,33.4138474912713,25.567326715,2.82639463194
1994.06.19,0.231710023968,46.156416449807,23.85103965,2.11244172874
1994.06.20,1.41813160894,49.2712666396713,25.068118735,2.64956860292
1994.06.21,0.539830030277,46.4395846488856,22.12920795,2.52270217516
1994.06.22,0.622026833241,41.3425570654713,21.178861365,2.30377626735
1994.06.23,1.48816419028,36.5286976811356,22.278613835,2.47653238716
1994.06.24,0.26902925967,32.8475110931142,19.085148525,1.70110187696
1994.06.25,0.822440662773,30.2989973014071,21.320197995,2.34690429011
1994.06.26,0.73705521686,27.8920676092392,20.819455405,2.48486251735
1994.06.27,0.151757086897,25.8532565758735,20.77207922,2.17424608877
1994.06.28,1.09418622003,23.9277128221392,21.48188117,2.64080413217
1994.06.29,0.58990401044,22.4835550068385,20.52465346,2.09598866263
1994.06.30,1.65279399766,20.9827635517221,19.61480201,2.42597990336
1994.07.01,1.10363420163,19.6518730160528,21.2771287,2.7661514423
1994.07.02,0.00673163664811,18.6324674993699,17.63054453,2.65925148142
1994.07.03,0.418070096941,17.641378802595,18.177029735,2.18010830508
1994.07.04,4.37367472159,15.9423696081235,20.703960375,2.46345382493
1994.07.05,11.7455253076,14.5548454326385,24.200049505,2.8628224527
1994.07.06,10.2221674069,16.0839537076628,23.711584225,2.96445937238
1994.07.07,4.28781648907,17.2732601437928,22.73648521,2.95617927577
1994.07.08,2.45007951207,22.2003868077599,20.358564335,3.14625223155
1994.07.09,0.312843977923,26.8726620925564,18.200544605,1.96189959638
1994.07.10,0.298790182995,28.5999881069356,17.37356436,2.03159345347
1994.07.11,0.570653821796,28.3168199078571,20.85930686,2.35708474179
1994.07.12,0.381931810978,26.4762266138464,20.06485154,2.26236197136
1994.07.13,3.91887533624,24.3807819406649,19.15019804,3.09693969029
1994.07.14,2.96617187132,22.0871195281285,16.962821765,1.75182978523
1994.07.15,0.232300527614,20.1332589544864,18.640198015,2.23564588282
1994.07.16,3.07210676738,18.6324674993699,20.92841584,2.60158456058
1994.07.17,1.60933354323,17.8962301817657,19.77222778,2.60658607658
1994.07.18,0.0898732544385,17.4997947030557,20.659950455,2.40629092332
1994.07.19,3.86407751876,17.1316760442535,22.71054452,3.01527046531
1994.07.20,3.17095531273,16.7635573854514,21.919653465,3.26624472109
1994.07.21,4.68439183123,16.7635573854514,21.871584195,3.4054562434
1994.07.22,2.26442823532,17.3015769637007,20.069901,2.85514644247
1994.07.23,0.00862121893874,18.2643488405678,20.47618811,2.5492531222
1994.07.24,0.0938886216773,18.3492993002914,19.774455475,2.52083681289
1994.07.25,0.0625924128528,18.23603202066,19.21623762,2.52559276532
1994.07.26,0.351934724563,17.5847451627792,17.172227725,2.13435091041
1994.07.27,0.258636568162,16.7918742053592,17.13108907,2.02028770673
1994.07.28,0.0031886699281,14.4982117928228,17.714950445,2.28529193009
1994.07.29,0,12.6576184988121,19.51470298,2.30376491004
1994.07.30,0.12376763614,11.298411143235,20.552326805,2.12631361478
1994.07.31,0.155418142356,10.4489065459993,22.13405942,2.10641912872
1994.08.01,0.000118098893165,9.76930286821069,22.294158415,2.28443936408
1994.08.02,0.0282256330308,9.25960010986926,22.033910825,2.15551588099
1994.08.03,6.04808030857,8.94811509088283,23.21400984,2.70262690947
1994.08.04,3.81057873255,8.91979827097498,21.93153463,3.37046312779
1994.08.05,0,8.77821417143569,14.814801972,2.05264531132
1994.08.06,0,8.72158053161998,16.22509899,1.81031243756
1994.08.07,0.234780604558,8.60831325198855,19.209108925,1.78825653165
1994.08.08,0.572189131276,8.41009551263355,19.99207921,2.15258216372
1994.08.09,22.2218405725,8.18356095337069,14.2638118365,2.21903488864
1994.08.10,24.5639792411,10.5904906455385,14.06737625,1.25909888595
1994.08.11,1.07221979135,41.9088934636285,16.03029703,1.11775272558
1994.08.12,0.232064326156,70.7920497696427,18.75698021,1.52366623638
1994.08.13,0.116917908954,76.4554137512141,19.39400992,1.5922119303
1994.08.14,0,71.0752179687212,15.1726732475,2.33779265386
1994.08.15,0,58.049480811107,15.1956435905,2.01623191742
1994.08.16,0,48.138593843357,18.077623755,2.20330009597
1994.08.17,0.803426752327,42.192061662707,20.78202968,2.09544228369
1994.08.18,2.43248304059,39.0772114728427,21.692970235,1.77500377276
1994.08.19,1.40655789096,35.9623612829785,21.33123763,2.10480347391
1994.08.20,0.0592856499892,34.5465202875856,19.581633665,1.91764213469
1994.08.21,0,32.2811746949571,17.71821785,2.02654267127
1994.08.22,0.01062890016,29.7326609032499,18.769752485,2.08607725654
1994.08.23,0.0496015340801,26.9009789124642,20.963712885,2.10678256281
1994.08.24,0.472749890434,24.2108810212178,22.38237625,2.39614792008
1994.08.25,5.21288545769,20.4730607933807,24.278415875,3.36125142439
1994.08.26,4.60609296624,18.7457347790014,22.85361385,2.2448974903
1994.08.27,0.594155521583,19.8500907554078,22.5838118,2.27413029847
1994.08.28,0.209153110831,20.3031598739335,20.263762335,2.42395339001
1994.08.29,5.21016891071,19.1988038975271,15.3772277335,2.27296755497
1994.08.30,5.83798225762,18.2643488405678,17.221732645,2.00942796482
1994.08.31,0.250960135872,17.6130619826871,15.681089095,1.78881273314
1994.09.01,0.605965441025,17.3582106035164,13.2637128555,1.35278698963
1994.09.02,3.69425127928,16.65029010582,13.5559901025,1.42940435808
1994.09.03,3.08781362719,16.0839537076628,14.44762371,1.41772013649
1994.09.04,1.96244919834,15.8007855085842,17.26618808,2.03925304163
1994.09.05,0.61753912064,15.6875182289528,16.446683125,1.10399157336
1994.09.06,0,15.5459341294135,16.361534685,1.6924055501
1994.09.07,0.00519635114937,15.2910827502428,16.2573762405,1.62472439342
1994.09.08,0.389135840351,15.0079145511642,19.117821775,1.57432415904
1994.09.09,0.393623591322,14.7247463520857,21.729207975,1.77288548002
1994.09.10,0.104281322777,14.1300931340207,22.5847029,1.7966287146
1994.09.11,2.30422733694,13.0540539775221,22.868811825,2.35514218048
1994.09.12,7.88770689724,12.3178166599178,22.8607921,2.62817234216
1994.09.13,8.81714536263,12.7425689585357,23.11816833,2.32727194316
1994.09.14,6.07429851698,27.9487012490549,24.222326745,2.38927766532
1994.09.15,8.260072741,35.1128566857428,24.67663362,2.90969716161
1994.09.16,3.21311673588,37.0950340792928,19.340594075,2.56876667777
1994.09.17,0.0185415243159,41.9088934636285,15.3524752445,1.5094286141
1994.09.18,0,38.5108750746856,17.3406435195,1.51338556407
1994.09.19,0.0374373484213,33.4138474912713,18.964851505,1.45314713222
1994.09.20,2.49247698321,28.5999881069356,20.31148521,2.3777378658
1994.09.21,9.44212429204,24.4374155804806,19.70202971,2.2988775811
1994.09.22,9.16778067221,25.1453360781771,18.58465342,2.61880040853
1994.09.23,2.85256035113,37.9445386765285,12.356039605,0.984156474715
1994.09.24,1.51981457179,51.8197804313784,16.086930725,1.24035256306
1994.09.25,1.35896398774,52.9524532276927,17.282970305,1.77008728315
1994.09.26,0.482906322929,46.4395846488856,13.0262871065,1.55104473265
1994.09.27,0.00188958229064,41.3425570654713,9.8480197925,0.721881536947
1994.09.28,0,37.3782022783713,11.520346545,1.0576513489
1994.09.29,0,33.9801838894285,12.2470792475,1.17633790069
1994.09.30,0,30.8653336995642,15.24168315,1.36384072675
1994.10.01,0.610925556543,27.7504835096999,15.008663315,0.945958984744
1994.10.02,8.98153850812,25.2302865379006,11.812574245,1.24409955617
1994.10.03,8.68487377375,26.2780088744914,8.304158435,0.695213793733
1994.10.04,1.00159670637,34.5465202875856,9.5927227935,0.463688978414
1994.10.05,0.0181872281235,42.192061662707,11.999554421,0.504449998573
1994.10.06,6.70459205594,43.6079026580999,15.955495075,1.41815370966
1994.10.07,6.41902925054,45.3069118525713,18.247623795,1.7405739186
1994.10.08,0.219663941436,55.5009670193999,10.472029717,0.730618228317
1994.10.09,0.203366271023,64.2791811908355,8.484554478,0.611385604543
1994.10.10,0.00330676885874,65.6950221862284,6.42643564,0.504486449415
1994.10.11,0,62.013835598207,9.7713861685,0.679828391981
1994.10.12,0,55.5009670193999,11.174455438,0.741477202837
1994.10.13,0,48.9880984405927,11.592722793,0.772566471596
1994.10.14,0.162622190913,44.4574072553356,12.2803960615,0.82237543495
1994.10.15,1.37502537996,41.3425570654713,13.284306962,1.0917857594
1994.10.16,5.56210325158,39.0772114728427,14.27143565,0.684071423507
1994.10.17,5.12100447168,39.3603796719213,16.235198015,0.83234424153
1994.10.18,0.285563131541,40.4930524682356,17.33460398,0.728476300083
1994.10.19,0.00484205465723,40.4930524682356,14.851435655,0.630781558186
1994.10.20,0,40.4930524682356,11.151831701,0.578182647359
1994.10.21,0.41216517559,39.3603796719213,11.5545049595,0.737753921953
1994.10.22,1.19551511091,37.9445386765285,15.082623697,1.03197153862
1994.10.23,0.286153635187,36.245529482057,10.180495069,0.588451885619
1994.10.24,0.0276351389772,34.263352088507,4.939455449,0.224201457399
1994.10.25,0.0107469984911,32.8475110931142,3.766435645,0.0966078928855
1994.10.26,0,31.4316700977213,2.7679703155,0.228743366648
1994.10.27,0,30.0158291023285,7.4324257285,0.451164891047
1994.10.28,0,28.8831563060142,13.4832672445,0.627162987143
1994.10.29,0,26.8160284527406,11.356930703,0.611700885145
1994.10.30,0,23.6445446230606,7.169306936,0.489029450534
1994.10.31,0,22.7100895661014,6.227227733,0.464759136776
1994.11.01,0,21.6623672295107,3.91767326,0.315817810304
1994.11.02,0,20.6712785327357,7.6718316855,0.329877744321
1994.11.03,0.0357839669896,20.5580112531042,9.324554442,0.356670533108
1994.11.04,0.0161795481013,19.6235561961449,4.2430198015,0.102131394542
1994.11.05,0,18.9722693382642,3.646980201,0.162363773626
1994.11.06,0,18.3776161201992,3.436881198,0.201466875183
1994.11.07,0,17.9245470016735,6.4491089055,0.280182680257
1994.11.08,0,18.1510815609364,9.4997524815,0.447888957922
1994.11.09,0,17.8112797220421,6.641881155,0.292926067402
1994.11.10,0,17.6980124424107,4.2028712675,0.290542239867
1994.11.11,0.0120460873276,17.4997947030557,5.157178203,0.249226955873
1994.11.12,0.417597655655,17.44316106324,5.4884653355,0.338227481222
1994.11.13,0.502746976849,17.5847451627792,9.4497030005,0.502429048765
1994.11.14,0.0473576537985,18.2926656604757,8.418069298,0.409347487107
1994.11.15,0,17.8112797220421,1.196732705,0.225579107394
1994.11.16,0,17.4997947030557,1.3060396005,0.169631860558
1994.11.17,0.194508869811,17.44316106324,5.864405963,0.321245532575
1994.11.18,0.11987036963,18.4625665799228,5.544356437,0.342518244167
1994.11.19,0.259935676183,18.4625665799228,-1.594009915,0.0727603897133
1994.11.20,6.40839941752,17.3015769637007,1.000544559,0.297428417895
1994.11.21,5.22540367456,17.9245470016735,2.113861382,0.65403508529
1994.11.22,0.00448775816508,19.7934571155921,-2.2548514975,0.56706928433
1994.11.23,0,20.9827635517221,-1.449257415,0.0443632314884
1994.11.24,0,20.6995953526435,1.1375742585,0.102182617567
1994.11.25,0,20.1332589544864,-0.0050990075,0.112440632805
1994.11.26,0.77531923921,19.1988038975271,-1.9208415715,0.44352985924
1994.11.27,4.49082849627,18.7174179590935,-1.5578712895,0.82717973271
1994.11.28,2.31780869058,19.2554375373428,-1.9990099085,1.03960795172
1994.11.29,0.224860277598,19.3120711771585,-6.12341585,0.377153834563
1994.11.30,0,19.1421702577114,-6.8187128915,0.108323740378
1994.12.01,0,20.1898925943021,-2.303712858,0.631179064214
1994.12.02,0,20.4164271535649,0.538762368,-0.0762230326856
1994.12.03,0,20.3881103336571,1.141831692,-0.0790519585792
1994.12.04,0.0272808056145,20.5580112531042,0.130742574,-0.0106793809795
1994.12.05,0.467789698178,20.5296944331964,-3.759306918,1.005941877
1994.12.06,1.27121652724,20.0199916748549,-9.329950517,0.212909926489
1994.12.07,0.788664314655,19.4536552766978,-8.1632673205,0.125137113471
1994.12.08,1.2056715434,19.0005861581721,-5.4347524595,0.0781140975903
1994.12.09,0.434603892074,19.0005861581721,-5.998316858,0.088522290298
1994.12.10,0.0708593344001,19.0572197979878,-8.935495073,0.444750540396
1994.12.11,0.0359020605245,19.0005861581721,-14.379950496,-0.0150653177933
1994.12.12,0,19.0005861581721,-12.8241089325,0.0702179050904
1994.12.13,0,18.2077152007521,-10.2870792115,-0.0300294773048
1994.12.14,1.2186623934,17.5281115229635,-10.3628217605,0.0485167042541
1994.12.15,1.28101865755,17.44316106324,-6.2245049715,0.211988756149
1994.12.16,0.867554450679,17.44316106324,-3.779752468,0.333270473618
1994.12.17,0.324653839812,17.4997947030557,-4.083465355,0.411292427316
1994.12.18,0,17.6130619826871,-7.211633662,-0.0486932894006
1994.12.19,0,17.6130619826871,-7.883465365,0.42055435614
1994.12.20,0,17.4997947030557,-1.466485133,0.375724539481
1994.12.21,0,17.2732601437928,-0.917376229,-0.00137165838687
1994.12.22,0,17.04672558453,0.8464356495,0.0831023953651
1994.12.23,0,16.8201910252671,-2.3158910945,-0.0478841670315
1994.12.24,0,16.4803891863728,-1.422475234,0.311379402262
1994.12.25,0,16.3388050868335,0.1895049365,0.27491096759
1994.12.26,0,16.1405873474785,1.0989108905,0.236127846875
1994.12.27,0,15.9990032479392,1.5898514915,0.116802896954
1994.12.28,0,15.7441518687685,1.242574254,0.185873837921
1994.12.29,0.0206673038683,15.7441518687685,-4.1692079275,0.0843281508622
1994.12.30,0.439209782144,15.7441518687685,-2.566930689,0.103380756755
1994.12.31,0.181281779987,15.7158350488607,-5.4345049495,0.285020762192
